{"Accuracy": 0.9358458606817701, "ROC_AUC": 0.9485978352060956, "F1-Score": 0.8229105786090006}