{"Accuracy": 0.5814791269336724, "ROC_AUC": 0.6818153345026308, "F1-Score": 0.3787354513998112}