{"Accuracy": 0.9550942596907435, "ROC_AUC": 0.9616600685815563, "F1-Score": 0.869618696186962}