{"Accuracy": 0.9023925471098878, "ROC_AUC": 0.9159050117592046, "F1-Score": 0.7471201316511245}